{
  "project_info": {
    "project_number": "816028103710",
    "firebase_url": "https://hawker-5a936.firebaseio.com",
    "project_id": "hawker-5a936",
    "storage_bucket": "hawker-5a936.appspot.com"
  },
  "client": [
    {
      "client_info": {
        "mobilesdk_app_id": "1:816028103710:android:ef8a0a8ae03bb75aadea0f",
        "android_client_info": {
          "package_name": "com.example.anew"
        }
      },
      "oauth_client": [
        {
          "client_id": "816028103710-fdo7pipasur68kma7sjabdmj6tghotmk.apps.googleusercontent.com",
          "client_type": 1,
          "android_info": {
            "package_name": "com.example.anew",
            "certificate_hash": "e0cfbdee8699b4fa502fb9a334635d681367fbe4"
          }
        },
        {
          "client_id": "816028103710-q1hbaapn7cjpmksg19b1hvc2q576a12d.apps.googleusercontent.com",
          "client_type": 3
        }
      ],
      "api_key": [
        {
          "current_key": "AIzaSyAyExyTprxnqjEhvTrDpUNvgKAhmUdzASA"
        }
      ],
      "services": {
        "appinvite_service": {
          "other_platform_oauth_client": [
            {
              "client_id": "816028103710-q1hbaapn7cjpmksg19b1hvc2q576a12d.apps.googleusercontent.com",
              "client_type": 3
            }
          ]
        }
      }
    }
  ],
  "configuration_version": "1"
}